{"name":"MultiDoge","tagline":"MultiDoge is a desktop bitcoin client, powered by dogecoinj. Ported from the MultiBit Bitcoin client.","body":"### Welcome to MultiDoge\r\nMultiDoge is a thin client Dogecoin wallet. It's a port of the MultiBit client for Bitcoin.\r\n\r\n### About\r\nThe app is based on DogecoinJ, which in turn is a port of BitCoinJ (@bitcoinj). You can find DogecoinJ here: https://github.com/langerhans/dogecoinj-new I ported all the needed changes for Dogecoin compatibility over. This programm uses a special branch of it, which can be found here: https://code.google.com/r/maxkeller90-dogecoinj-multibit/\r\n\r\n### Download\r\nYou can download the current version right here on this page.\r\n\r\n### Contributing\r\nPlease contact me before you want to contribute.\r\n\r\n### Building\r\nBasicially you clone both this repo and DogecoinJ and compile it with Maven. More info is included in the README file.","google":"","note":"Don't delete this file! It's used internally to help with page regeneration."}